doc_type,check_id,when_raw,when_kind,severity,decision_kind,decidable_expr,machinable,carrier_kind,carrier_ref,note
BA,amount_positive,submit,submit,hard,数值比较,amount_cents > 0,yes,code,internal/httpapi/handlers_approval_hardchecks.go#checkAmountPositive,★ **本批落 `hard` ＋ `code`**（`N-047` 批 12）：由 `checkAmountPositive` 承载（顶层 `AmountCents` 优先、回落 `fields.amount_cents`、两缺 **fail-closed**）⇒ **0 与负数均被拦**。★★ **端到端激活待补用例**（`N-052`）。★ 此前 → ★ 部分承载：schema 层 required ＋ providedNonEmpty 对 0 判非空失败 ⇒ 0 被拦；★ 但**负数不被拦**（rule「必须 > 0」是散文，无专项求值器）
BA,amount_tier1_only,submit,submit,hard,数值比较,amount_cents <= 99999,yes,code,internal/httpapi/handlers_approval_hardchecks.go#checkBAAmountTier1Only,"★ **本批落 `hard` ＋ `code`**（`N-047` 批 12）：由 `checkBAAmountTier1Only` 承载（阈值 `99999` 出处＝本判据 `assert` 原文）⇒ 采一档备案单超 1,000 元**已在提交时点被拦**。★★ **端到端激活待补用例**（`N-052`）。★ 此前 → ★★ **无任何承载**：本判据无 severity ⇒ 提交引擎 `c.Severity != ""hard""` 直接 continue；亦无其他时点载体 ⇒ 采一档备案单超 1,000 元**不会被拦**"
BA,completeness_l2,submit,submit,hard,存在性,usage_category_l1 非空 AND usage_category_l2 非空,yes,code,internal/httpapi/handlers_approval_hardchecks.go#checkCompletenessL2,★ **本批落 `hard` ＋ `code`**（`N-047` 批 12）：由 `checkCompletenessL2` 承载 —— BA/PR/SA **单实现同语义**（`usage_category_l1`/`usage_category_l2` 任一为空即拒）。★★ **端到端激活待补用例**（`N-052`）。★ 此前 → 承载成立（两字段 schema required=true，属提交时点 section）
BA,safety_certificate,submit && usage_category_l1 == 'P03',submit,hard,存在性,usage_category_l1 == 'P03' => qualified_certificate 非空,yes,code,internal/httpapi/handlers_approval_hardchecks.go#checkBASafetyCertificate,★ **本批落 `hard` ＋ `code`**（`N-047` 批 12）：由 `checkBASafetyCertificate` 承载（条件 `P03` **在求值器内判** ⇒ 与字段 `required_conditional` 双保险；★ 非 `P03` ⇒ 放行、**不反向**要求为空）。★★ **端到端激活待补用例**（`N-052`）。★ 此前 → 承载成立（字段 required_conditional＝「用途分类 == P03（劳保与安环用品）」，evalSimpleEqual 可解析、值截断到全角括号）
BA,receipt_per_purchase,approval(return_receipt),approval,hard,存在性,payment_receipt_no 非空 AND payment_receipt_file 非空,yes,code,internal/httpapi/handlers_approval_approvalchecks.go#checkReceiptPerPurchase,★ 时点＝`approval(return_receipt)`，指向 `chain.json#routes.purchase_tier1.nodes[5]`（`id=return_receipt`、actor=`applicant`）；★★ **2026-10-06 批 44 据实翻 `code`**（`N-062` 族 `J3` 落地段）：① 时点已可达（该节点显式 `generates_task: true` ⇒ 生成待办、办理人＝申请人本人）；② 执行体＝`checkReceiptPerPurchase`（拦在 `Flow.Approve` 之前；未注册 ⇒ 可见失败）⇒ 经我方独立验收（门禁 9/9 ＋ 单点变异恰红 ＋ cp/sha256 还原）；★★ **具名缺口**：所需两字段**前端无录入入口**⇒ 经 UI 无法提交（另批，见 `COLLAB.md#N-067`）。★ 原写法「回交凭据」落在 `checks_when` 任何一类之外（`N-047` 批 12 登记）
BA,anti_split_before_disburse,approval(anti_split_check),approval,hard,顺序,ts(anti_split_check_result) < ts(disburse),yes,manual,spec/forms/BA.json#checks[id=anti_split_before_disburse].known_cost,★ 已声明人工承载（known_cost＝「平台无跨字段校验 ⇒ 只能公式列提示 + 人工核对」）；★ `when` 本批归一为 `approval(anti_split_check)`（指向 `chain.json#routes.purchase_tier1.nodes[2]`、actor=`system`）；★ 其载体字段 anti_split_check_result 亦在 B2 的 10 个零生产者字段之列
BA,no_purchaser_field,schema,schema,hard,结构性,"BA 字段集合 ∌ {purchaser, 采购经办人}",yes,structural,spec/forms/BA.json#sections,结构性事实成立（BA 27 字段无 purchaser）；★ 但**无门禁判据守卫**（改 spec 不会被拦）
BA,idempotency_key,submit,submit,hard,结构性,请求头含 Idempotency-Key,yes,code,Idempotency-Key 机制（internal/httpapi，已有用例）,由幂等机制承载（非表单求值器）；★ `N-047` 批 12 已显式声明 `severity=hard` ＋ `carried_by_kind=code` ⇒ 与「未注册的提交时点 `hard`」区分开
BJ,min_three_valid_quotes,submit,submit,hard,集合计数,quote_count >= 3,yes,code,internal/httpapi/handlers_approval_hardchecks.go#evaluateHardChecks → checkBJMinThreeQuotes,
BJ,quotes_must_be_independent,submit,submit,hard,枚举,all_quotes_independent == true,yes,code,internal/httpapi/handlers_approval_hardchecks.go#evaluateHardChecks → checkBJQuotesIndependent,
BJ,technical_compliance_filled,submit,submit,hard,集合计数,technical_compliance 非空 AND 条数 == 报价明细行数,yes,code,internal/httpapi/handlers_approval_hardchecks.go#evaluateHardChecks → checkBJTechnicalCompliance,★「逐家给出」＝条数对齐明示
BJ,selected_must_be_valid_and_compliant,submit,submit,hard,引用比较,selected_supplier 在明细中 AND 该行 有效 AND 技术符合,yes,code,internal/httpapi/handlers_approval_hardchecks.go#evaluateHardChecks → checkBJSelectedValidCompliant,
BJ,selection_reason_immutable,提交后,lifecycle:提交后,hard,结构性,提交后 selected_reason / procure_method / selected_supplier 不可改,yes,code,verifyBJPostSubmitImmutability,
BJ,not_single_source,submit,submit,hard,枚举,procure_method != '单一来源',yes,code,internal/httpapi/handlers_approval_hardchecks.go#evaluateHardChecks → checkBJNotSingleSource,★ 与 RFQ 同名同款共用同一函数
CT,mandatory_clauses_complete,submit / 进入合同审批前,submit,hard,存在性,8 组条款字段组逐组非空（⑥ 仅 usage_category_l1 == 'P04' 适用）,yes,code,internal/httpapi/handlers_approval_hardchecks.go#evaluateHardChecks → checkCTMandatoryClauses,★ 机判只保证「非空」；组内**实质内容是否充分**属人工判定
CT,payee_name_matches_supplier,submit,submit,hard,引用比较,payee_name == supplier,yes,code,internal/httpapi/handlers_approval_hardchecks.go#evaluateHardChecks → checkCTPayeeMatchesSupplier,
CT,prepay_pair,submit,submit,hard,引用比较,prepay_ratio > 0 => prepay_guarantee_kind 非空 AND prepay_guarantee_file 非空,yes,code,internal/httpapi/handlers_approval_hardchecks.go#evaluateHardChecks → checkCTPrepayPair,
CT,sole_source_link,submit,submit,hard,存在性,procure_method == '单一来源' => linked_ss_biz_no 非空,yes,code,internal/httpapi/handlers_approval_hardchecks.go#evaluateHardChecks → checkCTSoleSourceLink,
CT,tier3_quote_link,submit,submit,hard,存在性,contract_amount_cents > 500000 => linked_bj_biz_no 非空,yes,code,internal/httpapi/handlers_approval_hardchecks.go#evaluateHardChecks → checkCTTier3QuoteLink,
CT,non_template_reason,submit,submit,hard,存在性,is_standard_template == false => non_template_reason 非空,yes,code,internal/httpapi/handlers_approval_hardchecks.go#evaluateHardChecks → checkCTNonTemplateReason,
CT,equipment_after_sales,submit,submit,hard,存在性,usage_category_l1 == 'P04' => warranty_period_months / response_time_hours / spare_parts_commitment 三者非空,yes,code,internal/httpapi/handlers_approval_hardchecks.go#evaluateHardChecks → checkCTEquipmentAfterSales,
CT,tech_opinion_needed,submit,submit,hard,存在性,usage_category_l1 == 'P04' AND contract_amount_cents >= 2000000 => tech_review_opinion 非空,yes,code,internal/httpapi/handlers_approval_hardchecks.go#evaluateHardChecks → checkCTTechOpinionNeeded,
CT,contract_no_format,submit,submit,hard,正则,biz_no =~ ^CT-\d{4}-\d{4}$,yes,code,verifyPostSubmitHard（提交后自检，需生成后的 biz_no）,★ 因需生成后的 biz_no，走「提交后」而非提交时点
CT,sign_after_approval,签署,lifecycle:签署,hard,人工,—,no,manual,—,★ **人工检查项**（已声明 carried_by_kind=manual）：签署/盖章时点无系统写入点，signed_at / sealed_at 由人工登记
CT,no_amount_tiering,算链,lifecycle:算链,hard,结构性,合同审批节点数恒为 2（主管领导 == 项目总经理时恒为 1），与金额无关,yes,structural,spec/chain.json#contract_approval,★ 结构性保证，运行时无需检查
CT,amount_vs_pr,submit,submit,hard,数值比较,contract_amount_cents <= PR.estimated_total_cents * (1 + params[contract.amount_over_pr_tolerance_percent]/100),yes,code,internal/httpapi/handlers_approval_hardchecks.go#evaluateHardChecks → checkCTAmountVsPR,
CT,no_self_purchaser,submit,submit,hard,引用比较,NOT (purchaser == 需求提出人 AND designated_by == 需求提出人),yes,code,internal/httpapi/handlers_approval_hardchecks.go#evaluateHardChecks → checkNoSelfPurchaser,★ 与 PR/SS/PC 同款、**唯一实现**
CT,idempotency_key,submit,submit,hard,结构性,请求头含 Idempotency-Key,yes,code,Idempotency-Key 机制（internal/httpapi，已有用例）,由幂等机制承载
GR,related_order_or_record_must_exist,submit,submit,hard,引用比较,存在 CT 或 BA 使 biz_no == related_order_or_record_no（等值）,yes,code,internal/httpapi/handlers_approval_hardchecks.go#evaluateHardChecks → checkGRRelatedOrderOrRecord,
GR,acceptance_group_members_complete,submit,submit,hard,集合计数,按 acceptance_group 逐组精确（P01 三员 / P02–P04 二员 / P05–P08 二员）；非本组成员字段须为空,yes,code,internal/httpapi/handlers_approval_hardchecks.go#evaluateHardChecks → checkGRAcceptanceGroupMembers,
GR,no_ops_supervisor_as_member,submit,submit,hard,引用比较,所有成员 != chain.json#roles.ops_supervisor 在岗人,yes,code,internal/httpapi/handlers_approval_hardchecks.go#evaluateHardChecks → checkGRNoOpsSupervisorMember,
GR,no_approver_in_acceptance_group,submit,submit,hard,引用比较,所有成员 不属于 本笔业务链审批人集合,yes,code,internal/httpapi/handlers_approval_hardchecks.go#evaluateHardChecks → checkGRNoApproverInGroup,
GR,concession_dual_sign_when_concession,submit,submit,hard,双向条件,acceptance_conclusion == '让步接收' <=> (两签署人非空 AND 不同人),yes,code,internal/httpapi/handlers_approval_hardchecks.go#evaluateHardChecks → checkGRConcessionDualSign,★ 双向：非让步时两者须为空
GR,received_quantity_positive,submit,submit,hard,数值比较,received_quantity 非空 AND > 0,yes,code,internal/httpapi/handlers_approval_hardchecks.go#evaluateHardChecks → checkGRReceivedQuantityPositive,
GR,inspection_vs_conclusion_hint,submit,submit,soft,引用比较,QC.inspection_result == '不合格' AND 本单 == '合格入库' => 提示,yes,code,—,★★ **订正**（`N-047` 批 12）：原记 `code` **属误记** —— 实测 `evaluateHardChecks` 只对 `severity == hard` 放行、其余一律 `continue` ⇒ **提示通道从未执行**（`N-052`）；N-062 J2：提示通道已建（evaluateSoftChecks）⇒ carrier_kind 回 code（forms 侧 submit，S26 map submit→code）
GR,ledger_l07_written,落账后（★ 顺序＝提交 → 落账 → 本自检；★ 对 GR／QC 这类**无审批链**的单据，「提交即终态」，故「落账后」与「提交后」是同一时刻、但**顺序不能颠倒**）,lifecycle:落账后,hard,存在性,本单提交后 L07 已写入 5 列（biz_no / related_order_or_record_no / received_quantity / acceptance_conclusion / acceptance_members）,yes,code,verifyGRPostSubmitL07,★ 对无审批链单据「提交即终态」，顺序＝提交 → 落账 → 自检
PC,contract_no_required_and_exists,submit,submit,hard,引用比较,contract_no 非空 AND 在 L04 等值命中一行,yes,code,internal/httpapi/handlers_approval_hardchecks.go#evaluateHardChecks → checkPCContractExists,
PC,tier_by_max_formula,算链,lifecycle:算链,hard,数值比较,"applicable_tier == tier_of(max(change_amount_cents, original_contract_amount_cents))",yes,code,internal/chain（ChangeTierOf）＋ N-027 属性测试,
PC,tier_never_tier1,算链,lifecycle:算链,hard,枚举,applicable_tier != 'purchase_tier1',yes,structural,spec/chain.json#thresholds.purchase.bands,★ 结构性保证（采一档分支不可达）＋ 属性测试
PC,change_amount_nonzero,submit,submit,hard,数值比较,change_amount_cents != 0,yes,code,internal/httpapi/handlers_approval_hardchecks.go#evaluateHardChecks → checkPCChangeNonzero,
PC,reset_as_new_purchase_block,submit,submit,hard,数值比较,NOT (new_total_cents > original_contract_amount_cents * 1.5),yes,code,internal/httpapi/handlers_approval_hardchecks.go#evaluateHardChecks → checkPCResetBlock,
PC,special_explanation_required,submit,submit,hard,数值比较,total_change_cents > original_contract_amount_cents * 0.3 => special_explanation 非空,yes,code,internal/httpapi/handlers_approval_hardchecks.go#evaluateHardChecks → checkPCSpecialExplanation,
PC,anomaly_list_and_report,终态,lifecycle:终态,hard,集合计数,90 天内同一 contract_no 变更 >= 2 次 => is_anomaly_listed == true,yes,code,injectPCSSSystemFields（PC 提交期注入）,
PC,anomaly_monthly_report,终态,lifecycle:终态,hard,人工,—,no,manual,spec/ledger-mapping.json#L09.fields[anomaly_note]（可写列）,★ **人工检查项**（B3 定稿）：由综合运营主管在**月度报送时**填写 L09「异常变更专项说明」
PC,tech_opinion_for_engineering,submit,submit,hard,存在性,is_engineering_category == true => tech_opinion 非空 AND tech_opinion_by 非空,yes,code,internal/httpapi/handlers_approval_hardchecks.go#evaluateHardChecks → checkPCTechOpinionEngineering,
PC,new_supplier_when_supplier_change,submit,submit,hard,引用比较,change_type == '供应商变更' => new_supplier 非空 AND new_supplier != original_supplier,yes,code,internal/httpapi/handlers_approval_hardchecks.go#evaluateHardChecks → checkPCNewSupplier,
PC,resubmit_to_group,终态,lifecycle:终态,hard,存在性,resubmitted_to_group_at 非空,yes,code,internal/flow（PC×ledger_submit 节点必填）,
PC,ledger_l09_written,终态,lifecycle:终态,hard,存在性,落 L09 一行且 exception_type == '采购变更' AND change_chain 有值,yes,code,internal/flow/finalize.go（L09 六列自检）,
PC,no_self_purchaser,submit,submit,hard,引用比较,NOT (applicant == 需求提出人 AND designated_by == 需求提出人),yes,code,internal/httpapi/handlers_approval_hardchecks.go#evaluateHardChecks → checkNoSelfPurchaser,
PC,idempotency_key,submit,submit,hard,结构性,请求头含 Idempotency-Key,yes,code,Idempotency-Key 机制（internal/httpapi，已有用例）,由幂等机制承载
PR,amount_positive,submit,submit,hard,数值比较,estimated_total_cents > 0,yes,code,internal/httpapi/handlers_approval_hardchecks.go#checkAmountPositive,★★ 本批**更正**：曾被改判「提交时点不可得」；实测 `handlers_approval_pr_amount.go#resolvePRAmountForTier` 在 `handlers_approval.go` 判据求值**之前**把 `estimated_total_cents` 写入 `body.Fields`（`mergeProvidedFields` 全量复制）⇒ **可达**，已落 `hard` ＋ `code`。★★ **端到端激活待补用例**：当前**无**用真 spec 驱动的该单据提交用例（见 `N-052`）
PR,completeness_l2,submit,submit,hard,存在性,usage_category_l1 非空 AND usage_category_l2 非空,yes,code,internal/httpapi/handlers_approval_hardchecks.go#checkCompletenessL2,BA/PR/SA **单实现同语义**（`usage_category_l1`/`usage_category_l2` 任一为空即拒）。★★ **端到端激活待补用例**：当前**无**用真 spec 驱动的该单据提交用例（见 `N-052`）
PR,no_self_purchaser,submit,submit,hard,引用比较,NOT (designated_purchaser == applicant AND designated_by == applicant),yes,code,internal/httpapi/handlers_approval_hardchecks.go#evaluateHardChecks → checkNoSelfPurchaser,★ 提交那半＝**防伪造提交体**；★ 提交时 designated_* 尚未填写 ⇒ 本半恒真，真正拦「自批自派」的是下一条（N-035 拆分）
PR,no_self_purchaser_at_designation,approval(supervisor_approval),approval,hard,引用比较,NOT (designated_purchaser == applicant AND designated_by == applicant),yes,code,internal/flow/designation.go（该节点 handler 承载）,审批那半；★ 已声明 carried_by_kind=code
PR,cross_dept_designation,approval(supervisor_approval),approval,hard,引用比较,"dept(designated_purchaser) 不属于 {dept(applicant), 综合运营部} => 存在审批记录(角色=被指定部门主管领导, 结论=同意)",yes,manual,spec/forms/PR.json#checks[id=cross_dept_designation].carried_by,★ **人工承载**（`N-047` 批 12 定档 `manual`）：`when=approval(supervisor_approval)` 属**审批动作时点** ⇒ 引擎不执行、**不会** fail-closed；`else` 原文＝人工核对 ⇒ 本单**无自动执行体**，MUST NOT 被误读为「系统会拦」
PR,safety_branch,submit,submit,hard,存在性,is_safety_or_special_equipment == true => 资质文件或说明非空,yes,code,internal/httpapi/handlers_approval_hardchecks.go#checkPRSafetyBranch,"★ **已激活为 `hard` ＋ `code`**（`N-052` 批 13 · `A13` 收尾，2026-10-04）：求值器 `checkPRSafetyBranch` 已注册并经 **SA/PR 提交端到端用例**验证（`internal/httpapi/hardchecks_n052_test.go`）⇒ 「选是却未填 `qualification_doc`」在**提交时点**被拦。★ **双把守**：字段级 `required_conditional`（先）＋ 求值器（后）。★ 此前 → ★ **待接线**：承载字段 `qualification_doc` 已于 `e69e77a` 补入，但判据**求值器未注册** ⇒ 暂不得标 `hard`（`when` 以 `submit` 开头而无求值器 ⇒ 当场 fail-closed，已实测）"
PR,device_tech_attachment,submit,submit,hard,存在性,usage_category_l1 == 'P04' => tech_attachment 非空,yes,code,internal/httpapi/handlers_approval_hardchecks.go#checkPRDeviceTechAttachment,`P04` 条件**在求值器内判**；★ 非 `P04` ⇒ 放行、**不反向**要求该字段为空。★★ **端到端激活待补用例**：当前**无**用真 spec 驱动的该单据提交用例（见 `N-052`）
PR,idempotency_key,submit,submit,hard,结构性,请求头含 Idempotency-Key,yes,code,Idempotency-Key 机制（internal/httpapi，已有用例）,由幂等机制承载（非表单求值器）；★ `N-047` 批 12 已显式声明 `severity=hard` ＋ `carried_by_kind=code` ⇒ 与「未注册的提交时点 `hard`」区分开
QC,related_gr_must_exist,submit,submit,hard,引用比较,存在 GR 使 biz_no == related_biz_no（等值，禁前缀匹配）,yes,code,internal/httpapi/handlers_approval_hardchecks.go#evaluateHardChecks → checkQCRelatedGRExists,
QC,inspection_result_required,submit,submit,hard,枚举,"inspection_result 属于 {合格, 不合格, 让步使用}",yes,code,internal/httpapi/handlers_approval_hardchecks.go#evaluateHardChecks → checkQCInspectionResult,
QC,sample_quantity_pair,submit,submit,hard,双向条件,inspection_method == '抽检' <=> (sample_quantity 非空 AND > 0),yes,code,internal/httpapi/handlers_approval_hardchecks.go#evaluateHardChecks → checkQCSampleQuantityPair,
QC,defect_description_when_not_pass,submit,submit,hard,存在性,inspection_result != '合格' => defect_description 非空,yes,code,internal/httpapi/handlers_approval_hardchecks.go#evaluateHardChecks → checkQCDefectDescription,
QC,l07_inspection_conclusion_written,落账后（★ 顺序＝提交 → 落账 → 本自检；★ 对 GR／QC 这类**无审批链**的单据，「提交即终态」，故「落账后」与「提交后」是同一时刻、但**顺序不能颠倒**）,lifecycle:落账后,hard,引用比较,本单提交后 L07.inspection_conclusion == 本单 inspection_result,yes,code,verifyQCPostSubmitL07,
QC,no_duplicate_qc_for_same_batch,submit,submit,soft,集合计数,同 related_biz_no + batch_no 下已存在未作废 QC => 提示,yes,code,—,★★ **订正**（`N-047` 批 12）：原记 `code` **属误记** —— 全部非测试代码零命中，且引擎跳过一切非 `hard` ⇒ 提示通道未建（`N-052`）；N-062 J2：提示通道已建（evaluateSoftChecks）⇒ carrier_kind 回 code（forms 侧 submit，S26 map submit→code）
RFQ,related_pr_must_exist,submit,submit,hard,引用比较,存在 PR 使 biz_no == related_biz_no（等值）,yes,code,internal/httpapi/handlers_approval_hardchecks.go#evaluateHardChecks → checkRelatedPRMustExist,★ 函数内按 DocType 分流（PR/SS/RFQ 共用）
RFQ,invited_min_by_tier,submit,submit,hard,数值比较,procure_method == '询比价' => invited_count >= 3；采二档『报价比选』=> invited_count >= 1,yes,code,internal/httpapi/handlers_approval_hardchecks.go#evaluateHardChecks → checkRFQInvitedMinByTier,★ 门槛**随档位**：统一按 3 家会把采二档（主力档位）全部误拦
RFQ,not_single_source,submit,submit,hard,枚举,procure_method != '单一来源',yes,code,internal/httpapi/handlers_approval_hardchecks.go#evaluateHardChecks → checkBJNotSingleSource,★ 与 BJ 同款共用
RFQ,deadline_after_send,submit,submit,hard,数值比较,quote_deadline > send_date（折算到同一时点比较）,yes,code,internal/httpapi/handlers_approval_hardchecks.go#evaluateHardChecks → checkRFQDeadlineAfterSend,
RFQ,send_evidence_required,submit,submit,hard,存在性,rfq_file 非空 AND send_evidence 非空,yes,code,internal/httpapi/handlers_approval_hardchecks.go#evaluateHardChecks → checkRFQSendEvidence,
RFQ,response_shortfall_warning,submit,submit,soft,数值比较,procure_method == '询比价' AND responded_count < 3 => 提示填写 shortfall_note,yes,code,—,★★ **订正**（`N-047` 批 12）：原记 `code` **属误记** —— 同上（引擎跳过非 `hard`）⇒ 提示通道未建（`N-052`）；N-062 J2：提示通道已建（evaluateSoftChecks）⇒ carrier_kind 回 code（forms 侧 submit，S26 map submit→code）
SA,amount_positive,submit,submit,hard,数值比较,amount_cents > 0,yes,code,internal/httpapi/handlers_approval_hardchecks.go#checkAmountPositive,★ **SA 分支**＝顶层 `AmountCents` 优先 → 回落 `fields.amount_cents`。★★ **端到端激活待补用例**：当前**无**用真 spec 驱动的该单据提交用例（见 `N-052`）
SA,completeness_l2,submit,submit,hard,存在性,usage_category_l1 非空 AND usage_category_l2 非空,yes,code,internal/httpapi/handlers_approval_hardchecks.go#checkCompletenessL2,BA/PR/SA **单实现同语义**。★★ **端到端激活待补用例**：当前**无**用真 spec 驱动的该单据提交用例（见 `N-052`）
SA,entertain_required,"submit && usage_category_l1 ∈ {S01,S02,S03}",submit,soft,人工,—,no,manual,—,★★ **人工承载**（`N-047` 批 12 定档 `manual`）：`assert`（`purpose` 含接待对象与人数）是**自由文本内容判据** ⇒ 无法机检（与 `N-017` 的「降级为提示文案 ＋ 人工核对」同向）；★ 不得标 `hard`（`when` 以 `submit ` 开头而无求值器 ⇒ 当场 fail-closed）
SA,inspection_basis,submit && usage_category_l1 == 'P07',submit,soft,人工,—,no,manual,—,★★ **人工承载**（`N-047` 批 12 定档 `manual`）：`assert`（`purpose` 含依据标准）属自由文本内容判据 ⇒ 无法机检；★ 不得标 `hard`（同上）
SA,counterparty_conditional,submit && (需要开票 || 对外支付),submit,soft,枚举,payment_method_input == '对公直付' => counterparty 非空,no,code,—,★★ **当前不可执行**（`N-047` 批 12 具名登记）：承载字段 `counterparty` **已存在**（`user`、非必填）；★ 缺口在**触发条件** —— `when` 的「需要开票 || 对外支付」在本仓字段集中**不可表达**（无「需要开票」字段）⇒ 无从判定是否触发；须先补条件字段（`N-052`）；N-062 J2：提示通道已建（evaluateSoftChecks）⇒ carrier_kind 回 code（forms 侧 submit，S26 map submit→code）
SA,cross_month_allocation,submit && occurrence_period 跨月,submit,hard,数值比较,跨月(occurrence_period) => allocation_note 非空,yes,code,—,★★ **已闭环 ＝ `hard` ＋ `code`**（`N-054` ① 收尾 · 2026-10-04）：求值器 `checkSACrossMonthAllocation`（`internal/httpapi/handlers_approval_hardchecks.go`，已注册 `submitHardChecks`）＋ 前端 `date_range` 分支（`web/src/views/Submit.vue` ＋ 纯函数 `web/src/dateRange.js`）经我方**独立验收通过**（门禁 8/8 ＋ ★★ **三条单点变异我方自做**〔M1 去跨月判定 ⇒ 恰红 X1 ＋ 直调「不跨月放/同日起止放」；M2 恒放行 ⇒ 恰红 X2 ＋ X4；M3 不可解析静默放行 ⇒ 恰红 X4〕⇒ **隔离性成立**；`cp` ＋ `sha256sum -c` 还原 1/1 OK）⇒ **同批**把 `severity` 翻 `hard`、`carrier_kind` 翻 `code`。★ 测试落点 `internal/httpapi/cross_month_n054_test.go`（X1–X4 handler 级 ＋ 直调四例）。★ 此前 → ★★ **触发条件已可判**（`N-054` ① 我方先行 · 2026-10-04）：`occurrence_period` 新增 `payload_form: iso_interval`（载荷＝`YYYY-MM-DD/YYYY-MM-DD`，首尾闭区间、`start ≤ end`；「跨月」＝两值落在**两个不同自然月**）＋ 门禁锚定 `S24`/`S25`（`checks.json` V1.16）⇒ `machinable` 由 `no` 改 `yes`。★ 此前 → ★ **半解锁**（`N-052` 批 13）：缺口由「无字段」收窄为「触发条件不可判」（全仓 `date_range` 零消费端 ⇒ 不臆造载荷形态）。
SA,actual_not_exceed,backfill(settlement_backfill),backfill,hard,引用比较,actual_cents <= approved_cents,yes,pending_wiring,—,★ **通路未接**（`N-047` 批 12 定性；`when` 于 `N-052` 批 13 归一）：`when=backfill(settlement_backfill)` 指向 `sections[id=settlement_backfill]`（后置补录段）—— ★ 该段补录入口**尚未接线** ⇒ 引擎跳过、暂不执行；★ 非提交时点 ⇒ 引擎**不会** fail-closed
SA,invoice_must_link,backfill(settlement_backfill),backfill,hard,引用比较,存在已批准的事前申请单且票据关联到它,yes,pending_wiring,—,★ **通路未接**（`N-047` 批 12 定性；`when` 于 `N-052` 批 13 归一）：同上（`backfill(settlement_backfill)`）；★ **`SA#invoice_info.required_conditional` 的不可解析形态已于本批修形**（改 `required: true`、时点由段 `filled_at` 承载）
SA,idempotency_key,submit,submit,hard,结构性,请求头含 Idempotency-Key,yes,code,Idempotency-Key 机制（internal/httpapi，已有用例）,由幂等机制承载（非表单求值器）；★ `N-047` 批 12 已显式声明 `severity=hard` ＋ `carried_by_kind=code` ⇒ 与「未注册的提交时点 `hard`」区分开
SS,uniqueness_and_price_required,submit,submit,hard,存在性,uniqueness_statement 非空 AND price_evidence 非空,yes,code,internal/httpapi/handlers_approval_hardchecks.go#evaluateHardChecks → checkSSUniquenessPrice,
SS,sole_source_attachment_when_authorized,submit,submit,hard,存在性,uniqueness_basis == '独家代理／授权' => sole_source_attachment 非空,yes,code,internal/httpapi/handlers_approval_hardchecks.go#evaluateHardChecks → checkSSAuthorizedAttachment,
SS,related_pr_must_exist,submit,submit,hard,引用比较,存在 PR 使 biz_no == related_biz_no 且该 PR 实例为已批准状态,yes,code,internal/httpapi/handlers_approval_hardchecks.go#evaluateHardChecks → checkRelatedPRMustExist,★ 与 RFQ/PR 共用同一函数、按 DocType 分流
SS,tech_opinion_required_at_node2,approval(tech_opinion),approval,hard,存在性,节点②通过时 tech_opinion 非空,yes,code,internal/flow/designation.go#nodeFieldSpecFor（SS×tech_opinion）,★ `when` 本批归一：原写 `node2_tech_opinion`（**非约定写法**）⇒ 改为 `approval(tech_opinion)`（节点 id 取自 `chain.json#routes.sole_source.nodes[1].id`）
SS,pgm_final_required,approval(pgm_final),approval,hard,存在性,节点④通过时 pgm_final_opinion 非空,yes,code,internal/flow/designation.go#nodeFieldSpecFor（SS×pgm_final）,★ `when` 本批归一：原写 `node4_pgm_final`（**非约定写法**）⇒ 改为 `approval(pgm_final)`（节点 id 取自 `chain.json#routes.sole_source.nodes[3].id`）
SS,no_escalation_to_group,算链,lifecycle:算链,hard,结构性,本单链路不含任何集团节点；末节点恒为项目总经理,yes,structural,spec/chain.json#routes.sole_source,★ 结构性
SS,tier_chain_from_amount,算链,lifecycle:算链,hard,数值比较,applicable_tier == tier_of(amount_cents)（闭区间）,yes,code,internal/chain（TierOf）,
SS,fixed_asset_conflict,submit,submit,soft,数值比较,NOT (is_fixed_asset == true AND amount_cents > 20000000),yes,code,—,★★ **订正**（`N-047` 批 12）：原记 `code` **属误记** —— 同上 ⇒ 提示通道未建（`N-052`）；N-062 J2：提示通道已建（evaluateSoftChecks）⇒ carrier_kind 回 code（forms 侧 submit，S26 map submit→code）
SS,ledger_l09_written,终态,lifecycle:终态,hard,存在性,落 L09 一行且 exception_type == '独家采购',yes,code,internal/flow/finalize.go（L09 六列自检）,
SS,no_self_purchaser,submit,submit,hard,引用比较,NOT (applicant == 需求提出人 AND designated_by == 需求提出人),yes,code,internal/httpapi/handlers_approval_hardchecks.go#evaluateHardChecks → checkNoSelfPurchaser,
SS,idempotency_key,submit,submit,hard,结构性,请求头含 Idempotency-Key,yes,code,Idempotency-Key 机制（internal/httpapi，已有用例）,由幂等机制承载
SUB,related_docs_complete,submit,submit,hard,引用比较,related_docs 非空 AND 其中引用的单据号逐个等值存在（缺项不得提交）,yes,code,internal/httpapi/handlers_approval_hardchecks.go#evaluateHardChecks → checkSUBRelatedDocsComplete,
SUB,contract_approved_when_over_1000,submit,submit,hard,数值比较,amount_cents >= 100000（含边界）=> 关联合同的审批必须已完成,yes,code,internal/httpapi/handlers_approval_hardchecks.go#evaluateHardChecks → checkSUBContractApproved,
SUB,payee_change_requires_callback,submit,submit,hard,双向条件,payee_account_verified == false => callback_confirmed == true AND callback_note 非空；== true => 两者均为空,yes,code,internal/httpapi/handlers_approval_hardchecks.go#evaluateHardChecks → checkSUBPayeeChangeCallback,★ 双向
SUB,tolerance_note_when_over,submit,submit,hard,双向条件,three_way_match == '差异超容差' => tolerance_note 非空；其余 => 为空,yes,code,internal/httpapi/handlers_approval_hardchecks.go#evaluateHardChecks → checkSUBToleranceNote,★ 双向
SUB,handover_receipt_required,submit,submit,hard,存在性,handover_receipt 非空,yes,code,internal/httpapi/handlers_approval_hardchecks.go#evaluateHardChecks → checkSUBHandoverReceipt,
SUB,submit_deadline_warning,submit,submit,soft,数值比较,submit_group_at 距湖南侧流程完成日 > 3 个工作日 => 提示,yes,code,—,★★ **订正**（`N-047` 批 12）：原记 `code` **属误记** —— 该条原注「只预警不阻断」，但引擎跳过非 `hard` ⇒ 预警通道未建（`N-052`）；N-062 J2：提示通道已建（evaluateSoftChecks）⇒ carrier_kind 回 code（forms 侧 submit，S26 map submit→code）
SUB,ledger_l06_written,落账后（★ 顺序＝提交 → 落账 → 本自检；★ 本单**无审批链**，提交即终态）,lifecycle:落账后,hard,存在性,本单提交后 L06 两张表均已写入（① 同步存档表 6 列；② 运营表至少 submit_group_at 与 handover_receipt）,yes,code,verifySUBPostLedgerL06,
